Square,Square Letter,Square Number,Quadrant,Blight?,Region,Status,Terrain,Hazards,Items,Monsters,Boss Monsters,Special
A1,A,1,1,No,Hebra,Inaccessible,,Cold,,,,
A1,A,1,2,No,Hebra,Inaccessible,,Cold,,,,
A1,A,1,3,No,Hebra,Inaccessible,,Cold,,,,
A1,A,1,4,No,Hebra,Inaccessible,,Cold,,,,
A2,A,2,1,No,Hebra,Inaccessible,,Cold,,,,
A2,A,2,2,No,Hebra,Inaccessible,,Cold,,,,
A2,A,2,3,No,Hebra,Inaccessible,,Cold,,,,
A2,A,2,4,No,Hebra,Inaccessible,,Cold,,,,
A3,A,3,1,No,Hebra,Inaccessible,,Cold,,,,
A3,A,3,2,No,Hebra,Inaccessible,,Cold,,,,
A3,A,3,3,No,Hebra,Inaccessible,,Cold,,,,
A3,A,3,4,No,Hebra,Inaccessible,,Cold,,,,
A4,A,4,1,No,Hebra,Inaccessible,,Cold,,,,
A4,A,4,2,No,Hebra,Inaccessible,,Cold,,,,
A4,A,4,3,No,Hebra,Inaccessible,,Cold,,,,
A4,A,4,4,No,Hebra,Inaccessible,,Cold,,,,
A5,A,5,1,No,Hebra,Inaccessible,,Cold,,,,
A5,A,5,2,No,Hebra,Inaccessible,,Cold,,,,
A5,A,5,3,No,Hebra,Inaccessible,,Cold,,,,
A5,A,5,4,No,Hebra,Inaccessible,,Cold,,,,
A6,A,6,1,No,Hebra,Inaccessible,,Cold,,,,
A6,A,6,2,No,Hebra,Inaccessible,,Cold,,,,
A6,A,6,3,No,Hebra,Inaccessible,,Cold,,,,
A6,A,6,4,No,Hebra,Inaccessible,,Cold,,,,
A7,A,7,1,No,Hebra,Inaccessible,,Cold,,,,
A7,A,7,2,No,Gerudo,Explorable,"⛰️ Mountain & Highland, ❄️ Snow & Ice Biomes",Cold,Ore,"Ice Chuchu (Large), Ice Chuchu (Small), Ice Chuchu (Medium), Ice Keese, Ice-breath Lizalfos, Ice Wizzrobe, Blizzard Wizzrobe, Frost Talus, Frost Pebblit",,
A7,A,7,3,No,Hebra,Inaccessible,,Cold,,,,
A7,A,7,4,No,Gerudo,Explorable,"⛰️ Mountain & Highland, ❄️ Snow & Ice Biomes",Cold,Ore,"Ice Chuchu (Large), Ice Chuchu (Medium), Ice Chuchu (Small), Ice Keese, Ice-breath Lizalfos, Frost Pebblit, Frost Talus, Blizzard Wizzrobe, Ice Wizzrobe",,
A8,A,8,1,No,Hebra,Inaccessible,,Cold,,,,
A8,A,8,2,No,Gerudo,Explorable,"⛰️ Mountain & Highland, ❄️ Snow & Ice Biomes",Cold,Ore,"Ice Chuchu (Large), Ice Chuchu (Medium), Ice Chuchu (Small), Ice Keese, Ice-breath Lizalfos, Frost Pebblit, Frost Talus, Blizzard Wizzrobe, Ice Wizzrobe",,
A8,A,8,3,No,Gerudo,Inaccessible,,,,,,
A8,A,8,4,No,Gerudo,Explorable,"❄️ Snow & Ice Biomes, ⛰️ Mountain & Highland",Cold,Ore,"Ice Chuchu (Large), Ice Chuchu (Medium), Ice Chuchu (Small), Ice Keese, Ice-breath Lizalfos, Frost Pebblit, Frost Talus, Blizzard Wizzrobe, Ice Wizzrobe",,
A9,A,9,1,Yes,Gerudo,Inaccessible,,,,,,
A9,A,9,2,Yes,Gerudo,Explorable,⛰️ Mountain & Highland,,Ore,"Rock Octorok, Stone Pebblit, Stone Talus",,
A9,A,9,3,Yes,Gerudo,Inaccessible,,,,,,
A9,A,9,4,Yes,Gerudo,Explorable,🏜️ Desert & Arid,Hot,,"Moth Gibdo, Gibdo",,
A10,A,10,1,Yes,Gerudo,Inaccessible,,,,,,
A10,A,10,2,Yes,Gerudo,Explorable,🏜️ Desert & Arid,Hot,,"Moth Gibdo, Gibdo",,
A10,A,10,3,No,Gerudo,Inaccessible,,,,,,
A10,A,10,4,No,Gerudo,Explorable,🏜️ Desert & Arid,Hot,,"Moth Gibdo, Gibdo",,
A11,A,11,1,No,Gerudo,Inaccessible,,,,,,
A11,A,11,2,No,Gerudo,Explorable,🏜️ Desert & Arid,Hot,,"Moth Gibdo, Gibdo",,
A11,A,11,3,No,Gerudo,Inaccessible,,,,,,
A11,A,11,4,No,Gerudo,Explorable,🏜️ Desert & Arid,Hot,,"Moth Gibdo, Gibdo, Molduga, Molduking, Black Bokoblin",,
A12,A,12,1,No,Gerudo,Inaccessible,,,,,,
A12,A,12,2,No,Gerudo,Inaccessible,,,,,,
A12,A,12,3,No,Gerudo,Inaccessible,,,,,,
A12,A,12,4,No,Gerudo,Inaccessible,,,,,,
B1,B,1,1,No,Hebra,Inaccessible,,Cold,,,,
B1,B,1,2,No,Hebra,Inaccessible,,Cold,,,,
B1,B,1,3,No,Hebra,Inaccessible,,Cold,,,,
B1,B,1,4,No,Hebra,Inaccessible,,Cold,,,,
B2,B,2,1,No,Hebra,Inaccessible,,Cold,,,,
B2,B,2,2,No,Hebra,Inaccessible,,Cold,,,,
B2,B,2,3,No,Hebra,Explorable,"❄️ Snow & Ice Biomes, ⛰️ Mountain & Highland",Cold,Ore,"Ice Chuchu (Large), Ice Chuchu (Small), Ice Chuchu (Medium), Ice Keese, Ice-breath Lizalfos, Ice Wizzrobe, Blizzard Wizzrobe, Frost Talus, Frost Pebblit",,Hot Spring
B2,B,2,4,No,Hebra,Explorable,"❄️ Snow & Ice Biomes, ⛰️ Mountain & Highland",Cold,Ore,"Ice Chuchu (Large), Ice Chuchu (Small), Ice Chuchu (Medium), Ice Keese, Ice-breath Lizalfos, Ice Wizzrobe, Blizzard Wizzrobe, Frost Talus, Frost Pebblit",,
B3,B,3,1,No,Hebra,Explorable,"❄️ Snow & Ice Biomes, ⛰️ Mountain & Highland",Cold,Ore,"Ice Chuchu (Large), Ice Chuchu (Small), Ice Chuchu (Medium), Ice Keese, Ice-breath Lizalfos, Ice Wizzrobe, Blizzard Wizzrobe, Frost Talus, Frost Pebblit",,
B3,B,3,2,No,Hebra,Explorable,"❄️ Snow & Ice Biomes, ⛰️ Mountain & Highland",Cold,Ore,"Ice Chuchu (Large), Ice Chuchu (Small), Ice Chuchu (Medium), Ice Keese, Ice-breath Lizalfos, Ice Wizzrobe, Blizzard Wizzrobe, Frost Talus, Frost Pebblit",,
B3,B,3,3,No,Hebra,Explorable,"❄️ Snow & Ice Biomes, ⛰️ Mountain & Highland",Cold,Ore,"Ice Chuchu (Large), Ice Chuchu (Small), Ice Chuchu (Medium), Ice Keese, Ice-breath Lizalfos, Ice Wizzrobe, Blizzard Wizzrobe, Frost Talus, Frost Pebblit",,
B3,B,3,4,No,Hebra,Explorable,"❄️ Snow & Ice Biomes, ⛰️ Mountain & Highland, 🌊 Water & Wetlands",Cold,"Ore, Fish","Ice Chuchu (Large), Ice Chuchu (Small), Ice Chuchu (Medium), Ice Keese, Ice-breath Lizalfos, Ice Wizzrobe, Blizzard Wizzrobe, Frost Talus, Frost Pebblit",,Hot Spring
B4,B,4,1,No,Hebra,Explorable,"❄️ Snow & Ice Biomes, ⛰️ Mountain & Highland, 🌊 Water & Wetlands",Cold,"Ore, Fish","Ice Chuchu (Large), Ice Chuchu (Small), Ice Chuchu (Medium), Ice Keese, Ice-breath Lizalfos, Ice Wizzrobe, Blizzard Wizzrobe, Frost Talus, Frost Pebblit",,
B4,B,4,2,No,Hebra,Explorable,"❄️ Snow & Ice Biomes, ⛰️ Mountain & Highland, 🌊 Water & Wetlands",Cold,"Ore, Fish","Ice Chuchu (Large), Ice Chuchu (Small), Ice Chuchu (Medium), Ice Keese, Ice-breath Lizalfos, Ice Wizzrobe, Blizzard Wizzrobe, Frost Talus, Frost Pebblit",,
B4,B,4,3,No,Hebra,Explorable,"❄️ Snow & Ice Biomes, ⛰️ Mountain & Highland",Cold,Ore,"Ice Chuchu (Large), Ice Chuchu (Small), Ice Chuchu (Medium), Ice Keese, Ice-breath Lizalfos, Ice Wizzrobe, Blizzard Wizzrobe, Frost Talus, Frost Pebblit",,
B4,B,4,4,No,Hebra,Explorable,"❄️ Snow & Ice Biomes, ⛰️ Mountain & Highland, 🌊 Water & Wetlands",Cold,"Ore, Fish","Stone Pebblit, Stone Talus",,
B5,B,5,1,No,Hebra,Inaccessible,,Cold,,,,
B5,B,5,2,No,Hebra,Explorable,"⛰️ Mountain & Highland, 🌲 Forest & Woodland",Cold,"Ore, Mushroom, Plant","Stone Pebblit, Stone Talus, Evermean",,
B5,B,5,3,No,Hebra,Inaccessible,,Cold,,,,
B5,B,5,4,No,Hebra,Explorable,⛰️ Mountain & Highland,Cold,"Ore, Mushroom","Stone Pebblit, Stone Talus",,
B6,B,6,1,No,Hebra,Inaccessible,,Cold,,,,
B6,B,6,2,No,Hebra,Explorable,⛰️ Mountain & Highland,Cold,"Ore, Mushroom","Stone Pebblit, Stone Talus",,
B6,B,6,3,No,Hebra,Inaccessible,,Cold,,,,
B6,B,6,4,Yes,Hebra,Explorable,⛰️ Mountain & Highland,Cold,"Ore, Mushroom","Stone Pebblit, Stone Talus",,
B7,B,7,1,No,Gerudo,Explorable,"❄️ Snow & Ice Biomes, ⛰️ Mountain & Highland",Cold,Ore,"Ice Chuchu (Large), Ice Chuchu (Small), Ice Chuchu (Medium), Ice Keese, Ice-breath Lizalfos, Ice Wizzrobe, Blizzard Wizzrobe, Frost Talus, Frost Pebblit",,
B7,B,7,2,No,Gerudo,Explorable,"❄️ Snow & Ice Biomes, ⛰️ Mountain & Highland",Cold,Ore,"Ice Chuchu (Large), Ice Chuchu (Small), Ice Chuchu (Medium), Ice Keese, Ice-breath Lizalfos, Ice Wizzrobe, Blizzard Wizzrobe, Frost Talus, Frost Pebblit",,
B7,B,7,3,No,Gerudo,Explorable,"❄️ Snow & Ice Biomes, ⛰️ Mountain & Highland",Cold,Ore,"Ice Chuchu (Large), Ice Chuchu (Small), Ice Chuchu (Medium), Ice Keese, Ice-breath Lizalfos, Ice Wizzrobe, Blizzard Wizzrobe, Frost Talus, Frost Pebblit",,
B7,B,7,4,No,Gerudo,Explorable,"❄️ Snow & Ice Biomes, ⛰️ Mountain & Highland",Cold,Ore,"Ice Chuchu (Large), Ice Chuchu (Small), Ice Chuchu (Medium), Ice Keese, Ice-breath Lizalfos, Ice Wizzrobe, Blizzard Wizzrobe, Frost Talus, Frost Pebblit",,
B8,B,8,1,No,Gerudo,Explorable,"❄️ Snow & Ice Biomes, ⛰️ Mountain & Highland",Cold,Ore,"Ice Chuchu (Large), Ice Chuchu (Small), Ice Chuchu (Medium), Ice Keese, Ice-breath Lizalfos, Ice Wizzrobe, Blizzard Wizzrobe, Frost Talus, Frost Pebblit",,
B8,B,8,2,No,Gerudo,Explorable,"❄️ Snow & Ice Biomes, ⛰️ Mountain & Highland",Cold,Ore,"Ice Chuchu (Large), Ice Chuchu (Small), Ice Chuchu (Medium), Ice Keese, Ice-breath Lizalfos, Ice Wizzrobe, Blizzard Wizzrobe, Frost Talus, Frost Pebblit",,
B8,B,8,3,Yes,Gerudo,Explorable,"❄️ Snow & Ice Biomes, ⛰️ Mountain & Highland",Cold,Ore,"Ice Chuchu (Large), Ice Chuchu (Small), Ice Chuchu (Medium), Ice Keese, Ice-breath Lizalfos, Ice Wizzrobe, Blizzard Wizzrobe, Frost Talus, Frost Pebblit",,
B8,B,8,4,No,Gerudo,Explorable,"❄️ Snow & Ice Biomes, ⛰️ Mountain & Highland",Cold,Ore,"Ice Chuchu (Large), Ice Chuchu (Small), Ice Chuchu (Medium), Ice Keese, Ice-breath Lizalfos, Ice Wizzrobe, Blizzard Wizzrobe, Frost Talus, Frost Pebblit",,
B9,B,9,1,Yes,Gerudo,Explorable,"⛰️ Mountain & Highland, 🏜️ Desert & Arid",Hot,,,,
B9,B,9,2,Yes,Gerudo,Explorable,"⛰️ Mountain & Highland, 🏜️ Desert & Arid",Hot,,,,
B9,B,9,3,Yes,Gerudo,Explorable,🏜️ Desert & Arid,Hot,,Molduga,,
B9,B,9,4,Yes,Gerudo,Explorable,🏜️ Desert & Arid,Hot,,Molduga,,
B10,B,10,1,Yes,Gerudo,Explorable,🏜️ Desert & Arid,Hot,,Molduga,,
B10,B,10,2,Yes,Gerudo,Explorable,🏜️ Desert & Arid,Hot,,Molduga,,
B10,B,10,3,Yes,Gerudo,Explorable,🏜️ Desert & Arid,Hot,,Molduga,,
B10,B,10,4,Yes,Gerudo,Explorable,🏜️ Desert & Arid,Hot,,Molduga,.,
B11,B,11,1,No,Gerudo,Explorable,🏜️ Desert & Arid,Hot,,"Molduga, Molduking",,
B11,B,11,2,Yes,Gerudo,Explorable,🏜️ Desert & Arid,Hot,,"Molduga, Molduking",,
B11,B,11,3,No,Gerudo,Explorable,🏜️ Desert & Arid,Hot,,"Molduga, Molduking",,
B11,B,11,4,Yes,Gerudo,Explorable,🏜️ Desert & Arid,Hot,,"Molduga, Molduking",,
B12,B,12,1,No,Gerudo,Explorable,🏜️ Desert & Arid,Hot,,Molduga,,
B12,B,12,2,Yes,Gerudo,Explorable,🏜️ Desert & Arid,Hot,,Molduga,,
B12,B,12,3,Yes,Gerudo,Inaccessible,,,,,,
B12,B,12,4,Yes,Gerudo,Inaccessible,,,,,,
C1,C,1,1,No,Hebra,Inaccessible,,,,,,
C1,C,1,2,No,Hebra,Inaccessible,,,,,,
C1,C,1,3,No,Hebra,Inaccessible,,,,,,
C1,C,1,4,No,Hebra,Inaccessible,,,,,,
C2,C,2,1,No,Hebra,Inaccessible,,,,,,
C2,C,2,2,No,Hebra,Inaccessible,,,,,,
C2,C,2,3,No,Hebra,Explorable,⛰️ Mountain & Highland,Cold,,"Ice Chuchu (Large), Ice Chuchu (Medium), Ice Chuchu (Small), Ice Keese, Ice-breath Lizalfos, Frost Talus, Ice Wizzrobe, Blizzard Wizzrobe, Frost Pebblit",,Hot Spring
C2,C,2,4,No,Hebra,Explorable,⛰️ Mountain & Highland,Cold,,"Ice Chuchu (Large), Ice Chuchu (Medium), Ice Chuchu (Small), Ice Keese, Ice-breath Lizalfos, Frost Talus, Ice Wizzrobe, Blizzard Wizzrobe, Frost Pebblit",,
C3,C,3,1,No,Hebra,Explorable,⛰️ Mountain & Highland,Cold,,"Ice Chuchu (Large), Ice Chuchu (Medium), Ice Chuchu (Small), Ice Keese, Ice-breath Lizalfos, Frost Talus, Ice Wizzrobe, Blizzard Wizzrobe, Frost Pebblit",,
C3,C,3,2,No,Hebra,Explorable,⛰️ Mountain & Highland,Cold,,"Ice Chuchu (Large), Ice Chuchu (Medium), Ice Chuchu (Small), Ice Keese, Ice-breath Lizalfos, Frost Talus, Ice Wizzrobe, Blizzard Wizzrobe, Frost Pebblit",,
C3,C,3,3,No,Hebra,Explorable,⛰️ Mountain & Highland,Cold,,"Ice Chuchu (Large), Ice Chuchu (Medium), Ice Chuchu (Small), Ice Keese, Ice-breath Lizalfos, Frost Talus, Ice Wizzrobe, Blizzard Wizzrobe, Frost Pebblit",,
C3,C,3,4,No,Hebra,Explorable,⛰️ Mountain & Highland,Cold,,"Ice Chuchu (Large), Ice Chuchu (Medium), Ice Chuchu (Small), Ice Keese, Ice-breath Lizalfos, Frost Talus, Ice Wizzrobe, Blizzard Wizzrobe, Frost Pebblit",,
C4,C,4,1,No,Hebra,Explorable,"⛰️ Mountain & Highland, 🌊 Water & Wetlands",Cold,,"Ice Chuchu (Large), Ice Chuchu (Medium), Ice Chuchu (Small), Ice Keese, Ice-breath Lizalfos, Frost Talus, Ice Wizzrobe, Blizzard Wizzrobe, Frost Pebblit",,
C4,C,4,2,No,Hebra,Explorable,"⛰️ Mountain & Highland, 🌊 Water & Wetlands",Cold,,"Ice Chuchu (Large), Ice Chuchu (Medium), Ice Chuchu (Small), Ice Keese, Ice-breath Lizalfos, Frost Talus, Ice Wizzrobe, Blizzard Wizzrobe, Frost Pebblit",,
C4,C,4,3,No,Hebra,Explorable,"⛰️ Mountain & Highland, 🌊 Water & Wetlands",Cold,,"Ice Chuchu (Large), Ice Chuchu (Medium), Ice Chuchu (Small), Ice Keese, Ice-breath Lizalfos, Frost Talus, Ice Wizzrobe, Blizzard Wizzrobe, Frost Pebblit",,
C4,C,4,4,No,Hebra,Explorable,"⛰️ Mountain & Highland, 🌊 Water & Wetlands",Cold,,"Ice Chuchu (Large), Ice Chuchu (Medium), Ice Chuchu (Small), Ice Keese, Ice-breath Lizalfos, Frost Talus, Ice Wizzrobe, Blizzard Wizzrobe, Frost Pebblit",,
C5,C,5,1,No,Hebra,Explorable,"⛰️ Mountain & Highland, 🌊 Water & Wetlands",Cold,,"Ice Chuchu (Large), Ice Chuchu (Medium), Ice Chuchu (Small), Ice Keese, Ice-breath Lizalfos, Frost Talus, Ice Wizzrobe, Blizzard Wizzrobe, Frost Pebblit",,
C5,C,5,2,Yes,Hebra,Explorable,⛰️ Mountain & Highland,Cold,,"Ice Chuchu (Large), Ice Chuchu (Medium), Ice Chuchu (Small), Ice Keese, Ice-breath Lizalfos, Frost Talus, Ice Wizzrobe, Blizzard Wizzrobe, Frost Pebblit",,
C5,C,5,3,Yes,Hebra,Explorable,"⛰️ Mountain & Highland, 🌊 Water & Wetlands",Cold,,"Ice Chuchu (Large), Ice Chuchu (Medium), Ice Chuchu (Small), Ice Keese, Ice-breath Lizalfos, Frost Talus, Ice Wizzrobe, Blizzard Wizzrobe, Frost Pebblit",,
C5,C,5,4,Yes,Central Hyrule,Explorable,⛰️ Mountain & Highland,Cold,,"Ice Chuchu (Large), Ice Chuchu (Medium), Ice Chuchu (Small), Ice Keese, Ice-breath Lizalfos, Frost Talus, Ice Wizzrobe, Blizzard Wizzrobe, Frost Pebblit",,
C6,C,6,1,Yes,Hebra,Explorable,⛰️ Mountain & Highland,Cold,,"Ice Chuchu (Large), Ice Chuchu (Medium), Ice Chuchu (Small), Ice Keese, Ice-breath Lizalfos, Frost Talus, Ice Wizzrobe, Blizzard Wizzrobe, Frost Pebblit",,
C6,C,6,2,No,Central Hyrule,Explorable,⛰️ Mountain & Highland,Thunder,,"Electric Chuchu (Large), Electric Chuchu (Medium), Electric Chuchu (Small), Electric Keese, Thunder Wizzrobe, Electric Wizzrobe, Electric Lizalfos",,
C6,C,6,3,Yes,Hebra,Explorable,⛰️ Mountain & Highland,Cold,,"Ice Chuchu (Large), Ice Chuchu (Medium), Ice Chuchu (Small), Ice Keese, Ice-breath Lizalfos, Frost Talus, Ice Wizzrobe, Blizzard Wizzrobe, Frost Pebblit",,
C6,C,6,4,Yes,Central Hyrule,Explorable,⛰️ Mountain & Highland,Thunder,,"Electric Chuchu (Large), Electric Chuchu (Medium), Electric Chuchu (Small), Electric Keese, Thunder Wizzrobe, Electric Wizzrobe, Electric Lizalfos",,
C7,C,7,1,No,Central Hyrule,Explorable,⛰️ Mountain & Highland,,,,,
C7,C,7,2,Yes,Central Hyrule,Explorable,"⛰️ Mountain & Highland, 🌊 Water & Wetlands",,,,,
C7,C,7,3,No,Central Hyrule,Explorable,⛰️ Mountain & Highland,,,,,
C7,C,7,4,Yes,Gerudo,Explorable,⛰️ Mountain & Highland,,,,,
C8,C,8,1,No,Gerudo,Explorable,⛰️ Mountain & Highland,Cold,,"Ice Chuchu (Large), Ice Chuchu (Medium), Ice Chuchu (Small), Ice Keese, Ice-breath Lizalfos, Frost Talus, Ice Wizzrobe, Blizzard Wizzrobe, Frost Pebblit",,
C8,C,8,2,No,Gerudo,Explorable,⛰️ Mountain & Highland,Cold,,"Ice Chuchu (Large), Ice Chuchu (Medium), Ice Chuchu (Small), Ice Keese, Ice-breath Lizalfos, Frost Talus, Ice Wizzrobe, Blizzard Wizzrobe, Frost Pebblit",,
C8,C,8,3,No,Gerudo,Explorable,⛰️ Mountain & Highland,Cold,,"Ice Chuchu (Large), Ice Chuchu (Medium), Ice Chuchu (Small), Ice Keese, Ice-breath Lizalfos, Frost Talus, Ice Wizzrobe, Blizzard Wizzrobe, Frost Pebblit",,
C8,C,8,4,No,Gerudo,Explorable,⛰️ Mountain & Highland,Cold,,"Ice Chuchu (Large), Ice Chuchu (Medium), Ice Chuchu (Small), Ice Keese, Ice-breath Lizalfos, Frost Talus, Ice Wizzrobe, Blizzard Wizzrobe, Frost Pebblit",,
C9,C,9,1,No,Gerudo,Explorable,⛰️ Mountain & Highland,,,,,
C9,C,9,2,No,Gerudo,Explorable,⛰️ Mountain & Highland,,,,,
C9,C,9,3,Yes,Gerudo,Explorable,🏜️ Desert & Arid,Hot,,Molduga,,
C9,C,9,4,No,Gerudo,Explorable,⛰️ Mountain & Highland,,,,,
C10,C,10,1,Yes,Gerudo,Explorable,"🏜️ Desert & Arid, 🌊 Water & Wetlands",Hot,,,,
C10,C,10,2,No,Gerudo,Explorable,"🏜️ Desert & Arid, ⛰️ Mountain & Highland",,,,,
C10,C,10,3,Yes,Gerudo,Explorable,🏜️ Desert & Arid,Hot,,Molduga,,
C10,C,10,4,Yes,Gerudo,Explorable,🏜️ Desert & Arid,Hot,,Molduga,,
C11,C,11,1,Yes,Gerudo,Explorable,🏜️ Desert & Arid,Hot,,Molduga,,
C11,C,11,2,Yes,Gerudo,Explorable,🏜️ Desert & Arid,Hot,,Molduga,,
C11,C,11,3,Yes,Gerudo,Explorable,🏜️ Desert & Arid,Hot,,Molduga,,
C11,C,11,4,Yes,Gerudo,Explorable,🏜️ Desert & Arid,Hot,,Molduga,,
C12,C,12,1,Yes,Gerudo,Explorable,🏜️ Desert & Arid,Hot,,Molduga,,
C12,C,12,2,Yes,Gerudo,Explorable,🏜️ Desert & Arid,Hot,,Molduga,,
C12,C,12,3,Yes,Gerudo,Inaccessible,,,,,,
C12,C,12,4,Yes,Gerudo,Inaccessible,,,,,,
D1,D,1,1,No,Hebra,Inaccessible,,,,,,
D1,D,1,2,No,Hebra,Inaccessible,,,,,,
D1,D,1,3,No,Hebra,Inaccessible,,,,,,
D1,D,1,4,No,Hebra,Inaccessible,,,,,,
D2,D,2,1,No,Hebra,Inaccessible,,,,,,
D2,D,2,2,No,Hebra,Inaccessible,,,,,,
D2,D,2,3,No,Hebra,Explorable,"⛰️ Mountain & Highland, 🌿 Grasslands & Plains",Cold,,"Ice Chuchu (Large), Ice Chuchu (Medium), Ice Chuchu (Small), Ice Keese, Ice-breath Lizalfos, Frost Talus, Ice Wizzrobe, Blizzard Wizzrobe, Frost Pebblit",,
D2,D,2,4,No,Hebra,Explorable,"⛰️ Mountain & Highland, 🌿 Grasslands & Plains",Cold,,"Ice Chuchu (Large), Ice Chuchu (Medium), Ice Chuchu (Small), Ice Keese, Ice-breath Lizalfos, Frost Talus, Ice Wizzrobe, Blizzard Wizzrobe, Frost Pebblit",,
D3,D,3,1,No,Hebra,Explorable,"⛰️ Mountain & Highland, 🌿 Grasslands & Plains",Cold,,"Ice Chuchu (Large), Ice Chuchu (Medium), Ice Chuchu (Small), Ice Keese, Ice-breath Lizalfos, Frost Talus, Ice Wizzrobe, Blizzard Wizzrobe, Frost Pebblit",,
D3,D,3,2,No,Hebra,Explorable,"⛰️ Mountain & Highland, 🌿 Grasslands & Plains",Cold,,"Ice Chuchu (Large), Ice Chuchu (Medium), Ice Chuchu (Small), Ice Keese, Ice-breath Lizalfos, Frost Talus, Ice Wizzrobe, Blizzard Wizzrobe, Frost Pebblit",,
D3,D,3,3,No,Hebra,Explorable,"⛰️ Mountain & Highland, 🌿 Grasslands & Plains",Cold,,"Ice Chuchu (Large), Ice Chuchu (Medium), Ice Chuchu (Small), Ice Keese, Ice-breath Lizalfos, Frost Talus, Ice Wizzrobe, Blizzard Wizzrobe, Frost Pebblit",,
D3,D,3,4,No,Hebra,Explorable,"⛰️ Mountain & Highland, 🌿 Grasslands & Plains",Cold,,"Ice Chuchu (Large), Ice Chuchu (Medium), Ice Chuchu (Small), Ice Keese, Ice-breath Lizalfos, Frost Talus, Ice Wizzrobe, Blizzard Wizzrobe, Frost Pebblit",,
D4,D,4,1,No,Hebra,Explorable,"⛰️ Mountain & Highland, 🌿 Grasslands & Plains",Cold,,"Ice Chuchu (Large), Ice Chuchu (Medium), Ice Chuchu (Small), Ice Keese, Ice-breath Lizalfos, Frost Talus, Ice Wizzrobe, Blizzard Wizzrobe, Frost Pebblit",,
D4,D,4,2,Yes,Hebra,Explorable,"⛰️ Mountain & Highland, 🌿 Grasslands & Plains",Cold,,"Ice Chuchu (Large), Ice Chuchu (Medium), Ice Chuchu (Small), Ice Keese, Ice-breath Lizalfos, Frost Talus, Ice Wizzrobe, Blizzard Wizzrobe, Frost Pebblit",,
D4,D,4,3,Yes,Hebra,Explorable,⛰️ Mountain & Highland,Cold,,"Ice Chuchu (Large), Ice Chuchu (Medium), Ice Chuchu (Small), Ice Keese, Ice-breath Lizalfos, Frost Talus, Ice Wizzrobe, Blizzard Wizzrobe, Frost Pebblit",,
D4,D,4,4,Yes,Hebra,Explorable,⛰️ Mountain & Highland,Cold,,"Ice Chuchu (Large), Ice Chuchu (Medium), Ice Chuchu (Small), Ice Keese, Ice-breath Lizalfos, Frost Talus, Ice Wizzrobe, Blizzard Wizzrobe, Frost Pebblit",,
D5,D,5,1,Yes,Central Hyrule,Explorable,"⛰️ Mountain & Highland, 🌲 Forest & Woodland",,"Mushroom, Ore, Plant, Creature","Gloom Hands, Cursed Bokoblin, Cursed Lizalfos, Cursed Moblin, Stalizalfos, Stalmoblin, Stalkoblin, Stalnox",,
D5,D,5,2,No,Central Hyrule,Explorable,⛰️ Mountain & Highland,,"Mushroom, Ore","Stone Pebblit, Stone Talus",,
D5,D,5,3,No,Central Hyrule,Explorable,"🌲 Forest & Woodland, 🌊 Water & Wetlands",,"Creature, Fish, Mushroom, Natural, Plant","Water Octorok, Forest Octorok, Lizalfos, Chuchu (Large), Chuchu (Medium), Chuchu (Small), Evermean, Blue Lizalfos",,
D5,D,5,4,No,Central Hyrule,Explorable,⛰️ Mountain & Highland,,"Mushroom, Ore","Stone Pebblit, Stone Talus",,
D6,D,6,1,No,Central Hyrule,Explorable,"🌊 Water & Wetlands, 🌲 Forest & Woodland",,"Fish, Mushroom, Plant, Meat, Creature, Fruit","Water Octorok, Forest Octorok, Chuchu (Large), Chuchu (Medium), Chuchu (Small), Evermean, Lizalfos, Black Lizalfos",,
D6,D,6,2,No,Central Hyrule,Explorable,"⛰️ Mountain & Highland, 🌊 Water & Wetlands",,"Fish, Ore, Mushroom","Horriblin, Water Octorok, Keese, Chuchu (Small), Chuchu (Medium), Chuchu (Large), Stone Pebblit, Stone Talus",,
D6,D,6,3,Yes,Central Hyrule,Explorable,"🌊 Water & Wetlands, 🌲 Forest & Woodland",,"Creature, Fish, Mushroom, Plant","Evermean, Chuchu (Small), Chuchu (Large), Chuchu (Medium), Water Octorok, Forest Octorok, Lizalfos, Gloom Hands",,
D6,D,6,4,No,Central Hyrule,Explorable,"⛰️ Mountain & Highland, 🌊 Water & Wetlands",,"Ore, Fish, Mushroom","Chuchu (Small), Chuchu (Medium), Chuchu (Large), Lizalfos, Blue Lizalfos, Water Octorok, Silver Lizalfos",,
D7,D,7,1,Yes,Central Hyrule,Explorable,⛰️ Mountain & Highland,,"Ore, Mushroom","Stone Talus, Rare Talus, Stone Pebblit, Gloom Hands, Blue-Maned Lynel, Lynel, White-maned Lynel, Evermean",,
D7,D,7,2,No,Central Hyrule,Explorable,"⛰️ Mountain & Highland, 🌊 Water & Wetlands",,"Fish, Ore, Plant","Chuchu (Large), Chuchu (Medium), Chuchu (Small), Lizalfos, Blue Lizalfos, Water Octorok",,
D7,D,7,3,Yes,Central Hyrule,Explorable,"⛰️ Mountain & Highland, 🌲 Forest & Woodland",,"Ore, Mushroom, Plant","Gloom Hands, Stone Pebblit",,
D7,D,7,4,No,Central Hyrule,Explorable,"⛰️ Mountain & Highland, 🌊 Water & Wetlands",,"Ancient Parts, Plant, Fish","Water Octorok, Chuchu (Small), Chuchu (Medium), Blue Lizalfos",,
D8,D,8,1,No,Central Hyrule,Explorable,"🌲 Forest & Woodland, 🌊 Water & Wetlands",,"Fish, Plant, Mushroom","Evermean, Forest Octorok, Water Octorok",,
D8,D,8,2,No,Central Hyrule,Explorable,"🌊 Water & Wetlands, ⛰️ Mountain & Highland",,"Fish, Mushroom","Water Octorok, Lizalfos, Blue Lizalfos, Black Lizalfos, Chuchu (Small), Chuchu (Medium), Chuchu (Large)",,
D8,D,8,3,No,Gerudo,Explorable,⛰️ Mountain & Highland,,Ore,"Rock Octorok, Stone Pebblit, Stone Talus",,
D8,D,8,4,No,Central Hyrule,Explorable,"⛰️ Mountain & Highland, 🌊 Water & Wetlands",,"Fish, Ore","Bokoblin, Blue Bokoblin, Stone Pebblit, Boss Bokoblin, Moblin",,
D9,D,9,1,No,Gerudo,Explorable,⛰️ Mountain & Highland,,"Ore, Mushroom","Keese, Horriblin, Rock Octorok",,
D9,D,9,2,No,Central Hyrule,Explorable,"⛰️ Mountain & Highland, 🌊 Water & Wetlands",,"Fish, Ore","Stone Pebblit, Stone Talus, Lizalfos, Blue Lizalfos",,
D9,D,9,3,No,Gerudo,Explorable,⛰️ Mountain & Highland,,"Ore, Fish","Rock Octorok, Stone Pebblit, Stone Talus",,
D9,D,9,4,No,Gerudo,Explorable,⛰️ Mountain & Highland,,Ore,"Blue Moblin, Blue Bokoblin, Boss Bokoblin",,
D10,D,10,1,No,Gerudo,Explorable,⛰️ Mountain & Highland,,Ore,"Rock Octorok, Rare Talus, Stone Talus, Stone Pebblit",,
D10,D,10,2,No,Gerudo,Explorable,⛰️ Mountain & Highland,,Ore,"Rock Octorok, Stone Talus, Stone Pebblit, Rare Talus",,
D10,D,10,3,Yes,Gerudo,Explorable,⛰️ Mountain & Highland,,Ore,Gloom Hands,,
D10,D,10,4,Yes,Gerudo,Explorable,⛰️ Mountain & Highland,,Ore,Gloom Hands,,
D11,D,11,1,Yes,Gerudo,Explorable,"🏜️ Desert & Arid, ⛰️ Mountain & Highland",Hot,"Ore, Creature","Gibdo, Gloom Hands, Stalkoblin",,
D11,D,11,2,No,Gerudo,Explorable,⛰️ Mountain & Highland,,"Ore, Creature","Stone Talus, Rock Octorok, Stone Pebblit",,
D11,D,11,3,Yes,Gerudo,Explorable,"🏜️ Desert & Arid, ⛰️ Mountain & Highland",Hot,"Ore, Creature","Gloom Hands, Gibdo, Moth Gibdo",,
D11,D,11,4,No,Gerudo,Explorable,⛰️ Mountain & Highland,,Ore,"Rock Octorok, Stone Pebblit, Rare Talus, Stone Talus",,
D12,D,12,1,Yes,Gerudo,Explorable,🏜️ Desert & Arid,Hot,"Ore, Creature, Plant","Gloom Hands, Gibdo, Moth Gibdo",,
D12,D,12,2,No,Gerudo,Explorable,⛰️ Mountain & Highland,,Ore,"Stone Pebblit, Rock Octorok, Stone Talus",,
D12,D,12,3,Yes,Gerudo,Inaccessible,,,,,,
D12,D,12,4,No,Gerudo,Inaccessible,,,,,,
E1,E,1,1,No,Hebra,Inaccessible,,,,,,
E1,E,1,2,No,Hebra,Inaccessible,,,,,,
E1,E,1,3,No,Hebra,Inaccessible,,,,,,
E1,E,1,4,No,Hebra,Inaccessible,,,,,,
E2,E,2,1,No,Hebra,Inaccessible,,,,,,
E2,E,2,2,No,Hebra,Inaccessible,,,,,,
E2,E,2,3,Yes,Hebra,Explorable,"⛰️ Mountain & Highland, ❄️ Snow & Ice Biomes",Cold,Ore,"Gloom Hands, Stalizalfos, Stalkoblin, Stalmoblin, Stalnox",,
E2,E,2,4,Yes,Hebra,Inaccessible,,,,,,
E3,E,3,1,Yes,Hebra,Explorable,"⛰️ Mountain & Highland, ❄️ Snow & Ice Biomes",Cold,"Ore, Creature","Gloom Hands, Cursed Moblin, Cursed Bokoblin, Cursed Lizalfos",,
E3,E,3,2,Yes,Central Hyrule,Explorable,⛰️ Mountain & Highland,,"Ore, Creature",Gloom Hands,,
E3,E,3,3,No,Central Hyrule,Explorable,⛰️ Mountain & Highland,,"Ore, Creature","Rock Octorok, Stone Pebblit, Stone Talus, Rare Talus",,
E3,E,3,4,No,Central Hyrule,Explorable,"⛰️ Mountain & Highland, 🌲 Forest & Woodland",,"Ore, Creature, Fish","Rock Octorok, Forest Octorok",,
E4,E,4,1,Yes,Central Hyrule,Explorable,"🌿 Grasslands & Plains, ⛰️ Mountain & Highland",,"Plant, Ore",Gloom Hands,,
E4,E,4,2,No,Central Hyrule,Explorable,"🌊 Water & Wetlands, 🌲 Forest & Woodland",,"Fish, Mushroom, Plant, Creature","Water Octorok, Forest Octorok, Chuchu (Medium), Chuchu (Large), Chuchu (Small)",,
E4,E,4,3,No,Central Hyrule,Explorable,🌿 Grasslands & Plains,,"Creature, Plant","Silver Bokoblin, Golden Bokoblin, Bokoblin",,
E4,E,4,4,No,Central Hyrule,Explorable,"🌊 Water & Wetlands, ⛰️ Mountain & Highland",,"Fish, Plant, Ore","Water Octorok, Stone Talus, Fire Chuchu (Medium)",,
E5,E,5,1,No,Central Hyrule,Explorable,🌿 Grasslands & Plains,,"Creature, Plant","Blue Bokoblin, Black Bokoblin, Bokoblin",,
E5,E,5,2,Yes,Central Hyrule,Explorable,⛰️ Mountain & Highland,,"Ore, Plant",Gloom Hands,,
E5,E,5,3,Yes,Central Hyrule,Explorable,"🌊 Water & Wetlands, 🌿 Grasslands & Plains",,"Plant, Creature, Fish","Gloom Hands, Water Octorok",,
E5,E,5,4,Yes,Central Hyrule,Explorable,🌊 Water & Wetlands,,Fish,"Gloom Hands, Water Octorok",,
E6,E,6,1,Yes,Central Hyrule,Explorable,"🌊 Water & Wetlands, 🌿 Grasslands & Plains",,"Fish, Creature, Plant","Water Octorok, Gloom Hands, Blue Lizalfos",,
E6,E,6,2,Yes,Central Hyrule,Explorable,"🌊 Water & Wetlands, 🌿 Grasslands & Plains",,"Fish, Creature, Plant","Water Octorok, Gloom Hands, Chuchu (Medium), Lizalfos",,
E6,E,6,3,Yes,Central Hyrule,Explorable,🌿 Grasslands & Plains,,"Creature, Plant","Gloom Hands, Black Hinox",,
E6,E,6,4,No,Central Hyrule,Explorable,🌲 Forest & Woodland,,"Creature, Plant, Mushroom","Forest Octorok, Keese, Evermean, Blue Hinox",,
E7,E,7,1,Yes,Central Hyrule,Explorable,"🌲 Forest & Woodland, 🌿 Grasslands & Plains",,"Creature, Plant, Mushroom","Forest Octorok, Evermean, Gloom Hands",,
E7,E,7,2,Yes,Central Hyrule,Explorable,"🌲 Forest & Woodland, 🌿 Grasslands & Plains",,"Creature, Mushroom, Plant, Natural","Forest Octorok, Evermean, Keese, Gloom Hands",,
E7,E,7,3,Yes,Central Hyrule,Explorable,🌲 Forest & Woodland,,"Plant, Creature, Mushroom","Gloom Hands, Evermean, Forest Octorok",,
E7,E,7,4,Yes,Central Hyrule,Explorable,🌿 Grasslands & Plains,,"Creature, Plant, Natural","Gloom Hands, Black Hinox, Black Moblin",,
E8,E,8,1,Yes,Central Hyrule,Explorable,"🌿 Grasslands & Plains, 🌊 Water & Wetlands",,"Creature, Plant, Fish","Gloom Hands, Water Octorok, Chuchu (Medium), Chuchu (Large)",,
E8,E,8,2,Yes,Central Hyrule,Explorable,"🌿 Grasslands & Plains, 🌊 Water & Wetlands",,"Fish, Creature, Plant","Gloom Hands, Water Octorok, Chuchu (Medium), Chuchu (Large), Black Lizalfos",,
E8,E,8,3,Yes,Central Hyrule,Explorable,"🌲 Forest & Woodland, ⛰️ Mountain & Highland",,"Creature, Mushroom, Plant","Gloom Hands, Forest Octorok, Black Bokoblin",,
E8,E,8,4,Yes,Central Hyrule,Explorable,"🌲 Forest & Woodland, 🌊 Water & Wetlands",,"Fish, Creature, Plant","Gloom Hands, Evermean, Forest Octorok, Blue Moblin",,
E9,E,9,1,No,Central Hyrule,Explorable,⛰️ Mountain & Highland,,"Ancient Parts, Creature, Plant","Bokoblin, Blue Bokoblin, Moblin",,
E9,E,9,2,Yes,Central Hyrule,Explorable,"🌿 Grasslands & Plains, ⛰️ Mountain & Highland",,"Plant, Creature, Mushroom","Blue Bokoblin, Gloom Hands",,
E9,E,9,3,No,Central Hyrule,Explorable,"⛰️ Mountain & Highland, 🌿 Grasslands & Plains",,"Ore, Creature, Plant","Blue Bokoblin, Black Bokoblin, Blue Moblin, Black Moblin",,
E9,E,9,4,Yes,Central Hyrule,Explorable,"🌊 Water & Wetlands, 🌿 Grasslands & Plains",,"Fish, Plant","Water Octorok, Blue Lizalfos, Chuchu (Medium), Lizalfos",,
E10,E,10,1,Yes,Faron,Explorable,⛰️ Mountain & Highland,,"Creature, Mushroom",Gloom Hands,,
E10,E,10,2,Yes,Central Hyrule,Explorable,"🌊 Water & Wetlands, ⛰️ Mountain & Highland",,Fish,"Gloom Hands, Blue-Maned Lynel",,
E10,E,10,3,No,Faron,Explorable,⛰️ Mountain & Highland,,Ore,"Hinox, Stone Pebblit, Stone Talus",,
E10,E,10,4,Yes,Faron,Explorable,"⛰️ Mountain & Highland, 🌿 Grasslands & Plains",,"Ore, Plant","Golden Moblin, Gloom Hands",,
E11,E,11,1,No,Gerudo,Explorable,⛰️ Mountain & Highland,,"Ore, Creature","Rock Octorok, Rare Talus, Lynel",,
E11,E,11,2,Yes,Faron,Explorable,"🌲 Forest & Woodland, 🌿 Grasslands & Plains",,"Creature, Plant, Mushroom","Gloom Hands, Evermean, Boss Bokoblin, Bokoblin",,
E11,E,11,3,Yes,Gerudo,Explorable,⛰️ Mountain & Highland,,Ore,"Gloom Hands, Rock Octorok",,
E11,E,11,4,Yes,Faron,Explorable,"⛰️ Mountain & Highland, 🏖️ Coastal & Sea Edge",,"Fish, Ore, Fruit","Gloom Hands, Silver Lizalfos, Golden Lizalfos",,
E12,E,12,1,No,Faron,Inaccessible,,,,,,
E12,E,12,2,No,Faron,Inaccessible,,,,,,
E12,E,12,3,No,Faron,Inaccessible,,,,,,
E12,E,12,4,No,Faron,Inaccessible,,,,,,
F1,F,1,1,No,Eldin,Inaccessible,,,,,,
F1,F,1,2,No,Eldin,Inaccessible,,,,,,
F1,F,1,3,Yes,Eldin,Inaccessible,,,,,,
F1,F,1,4,Yes,Eldin,Inaccessible,,,,,,
F2,F,2,1,No,Central Hyrule,Inaccessible,,,,,,
F2,F,2,2,No,Central Hyrule,Inaccessible,,,,,,
F2,F,2,3,Yes,Central Hyrule,Explorable,⛰️ Mountain & Highland,,Ore,"Rock Octorok, Stone Talus, Stone Pebblit, Gloom Hands",,
F2,F,2,4,Yes,Central Hyrule,Explorable,⛰️ Mountain & Highland,,Ore,"Stone Talus, Gloom Hands, Stone Pebblit, Rock Octorok",,
F3,F,3,1,No,Central Hyrule,Explorable,"🌲 Forest & Woodland, ⛰️ Mountain & Highland, 🌊 Water & Wetlands",,"Fish, Ancient Parts, Ore, Plant","Chuchu (Small), Chuchu (Medium), Chuchu (Large), Black Lizalfos, Blue Hinox, Keese",,
F3,F,3,2,No,Eldin,Explorable,⛰️ Mountain & Highland,,Ore,"Stone Pebblit, Rare Talus, Stone Talus, Rock Octorok, Like Like",,
F3,F,3,3,No,Central Hyrule,Explorable,"⛰️ Mountain & Highland, 🌲 Forest & Woodland, 🌊 Water & Wetlands",,"Ore, Plant, Mushroom, Fish, Creature","Water Octorok, Rock Octorok, Forest Octorok",,Lost Woods
F3,F,3,4,No,Eldin,Explorable,"⛰️ Mountain & Highland, 🌊 Water & Wetlands",,"Ore, Fish","Fire Chuchu (Large), Fire Chuchu (Medium), Fire Chuchu (Small), Igneo Talus, Igneo Pebblit, Rock Octorok, Fire Keese",,
F4,F,4,1,No,Central Hyrule,Explorable,🌲 Forest & Woodland,,"Creature, Mushroom, Plant","Electric Lizalfos, Black Bokoblin, Electric Chuchu (Medium), Electric Chuchu (Large), Electric Chuchu (Small), Evermean, Electric Keese, Forest Octorok",,Lost Woods
F4,F,4,2,No,Central Hyrule,Explorable,🌲 Forest & Woodland,,"Creature, Plant","Blue Bokoblin, Electric Chuchu (Large), Electric Chuchu (Medium), Electric Chuchu (Small), Electric Keese, Forest Octorok",,Lost Woods
F4,F,4,3,No,Central Hyrule,Explorable,🌲 Forest & Woodland,,"Creature, Plant","Bokoblin, Electric Chuchu (Large), Electric Chuchu (Medium), Electric Chuchu (Small), Electric Keese, Electric Wizzrobe",,Lost Woods
F4,F,4,4,No,Central Hyrule,Explorable,🌲 Forest & Woodland,,"Creature, Plant","Golden Bokoblin, Electric Chuchu (Large), Electric Chuchu (Medium), Electric Chuchu (Small), Electric Keese",,Lost Woods
F5,F,5,1,No,Central Hyrule,Explorable,⛰️ Mountain & Highland,,Ore,Rock Octorok,,
F5,F,5,2,No,Central Hyrule,Explorable,"⛰️ Mountain & Highland, 🌊 Water & Wetlands",,"Fish, Ore","Golden Lizalfos, Water Octorok",,
F5,F,5,3,No,Central Hyrule,Explorable,"🌊 Water & Wetlands, 🌿 Grasslands & Plains",,"Fish, Plant","Water Octorok, Chuchu (Medium), Chuchu (Large), Chuchu (Small)",,
F5,F,5,4,No,Central Hyrule,Explorable,"⛰️ Mountain & Highland, 🌊 Water & Wetlands",,"Fish, Ore",,,
F6,F,6,1,No,Central Hyrule,Explorable,"🌿 Grasslands & Plains, 🌊 Water & Wetlands",,"Fish, Plant",,,
F6,F,6,2,No,Lanayru,Explorable,⛰️ Mountain & Highland,,"Plant, Creature",Golden Lynel,,
F6,F,6,3,Yes,Central Hyrule,Explorable,🌿 Grasslands & Plains,,"Plant, Creature",Gloom Hands,,
F6,F,6,4,No,Lanayru,Explorable,"⛰️ Mountain & Highland, 🌊 Water & Wetlands",,"Plant, Creature, Fish",Ice Chuchu (Medium),,
F7,F,7,1,Yes,Central Hyrule,Explorable,🌿 Grasslands & Plains,,Plant,Gloom Hands,,
F7,F,7,2,No,Central Hyrule,Explorable,🌲 Forest & Woodland,,"Creature, Plant",,,
F7,F,7,3,No,Central Hyrule,Explorable,🌿 Grasslands & Plains,,"Plant, Creature",,,
F7,F,7,4,No,Central Hyrule,Explorable,"⛰️ Mountain & Highland, 🌊 Water & Wetlands",,"Fish, Plant",,,
F8,F,8,1,Yes,Central Hyrule,Explorable,"🌿 Grasslands & Plains, 🌊 Water & Wetlands",,"Fish, Plant","Black Lizalfos, Gloom Hands",,
F8,F,8,2,No,Lanayru,Explorable,"🌿 Grasslands & Plains, 🌊 Water & Wetlands",,"Fish, Plant",Blue Lizalfos,,
F8,F,8,3,Yes,Lanayru,Explorable,"🌿 Grasslands & Plains, 🌊 Water & Wetlands",,"Fish, Plant",Gloom Hands,,
F8,F,8,4,No,Lanayru,Explorable,"🌿 Grasslands & Plains, 🌊 Water & Wetlands",,Fish,,,
F9,F,9,1,Yes,Faron,Explorable,🌊 Water & Wetlands,,Fish,Gloom Hands,,
F9,F,9,2,No,Faron,Explorable,⛰️ Mountain & Highland,,Creature,Golden Bokoblin,,
F9,F,9,3,Yes,Faron,Explorable,🌿 Grasslands & Plains,,Plant,Gloom Hands,,
F9,F,9,4,No,Faron,Explorable,"⛰️ Mountain & Highland, 🌲 Forest & Woodland",,Plant,,,
F10,F,10,1,Yes,Faron,Explorable,⛰️ Mountain & Highland,,Ore,Gloom Hands,,
F10,F,10,2,No,Faron,Explorable,"🌲 Forest & Woodland, 🌊 Water & Wetlands",,"Creature, Plant, Fruit",Thunder Wizzrobe,,
F10,F,10,3,No,Faron,Explorable,"🌲 Forest & Woodland, 🌊 Water & Wetlands",,"Creature, Plant, Fruit","Electric Keese, Electric Chuchu (Small)",,
F10,F,10,4,No,Faron,Explorable,"🌊 Water & Wetlands, 🌲 Forest & Woodland",,"Creature, Plant, Fruit","Electric Keese, Electric Chuchu (Small)",,
F11,F,11,1,Yes,Faron,Explorable,🌲 Forest & Woodland,,"Plant, Mushroom","Electric Wizzrobe, Gloom Hands",,
F11,F,11,2,Yes,Faron,Explorable,"🌲 Forest & Woodland, 🌊 Water & Wetlands",,"Fish, Plant, Fruit",Gloom Hands,,
F11,F,11,3,Yes,Faron,Explorable,"⛰️ Mountain & Highland, 🏖️ Coastal & Sea Edge",,"Fruit, Fish",Gloom Hands,,
F11,F,11,4,Yes,Faron,Explorable,"⛰️ Mountain & Highland, 🏖️ Coastal & Sea Edge",,"Fish, Fruit",Gloom Hands,,
F12,F,12,1,No,Faron,Inaccessible,,,,,,
F12,F,12,2,No,Faron,Inaccessible,,,,,,
F12,F,12,3,No,Faron,Inaccessible,,,,,,
F12,F,12,4,No,Faron,Inaccessible,,,,,,
G1,G,1,1,No,Eldin,Inaccessible,,,,,,
G1,G,1,2,No,Eldin,Inaccessible,,,,,,
G1,G,1,3,No,Eldin,Inaccessible,,,,,,
G1,G,1,4,No,Eldin,Inaccessible,,,,,,
G2,G,2,1,Yes,Eldin,Inaccessible,,,,,,
G2,G,2,2,Yes,Eldin,Inaccessible,,,,,,
G2,G,2,3,Yes,Eldin,Explorable,⛰️ Mountain & Highland,,,,,
G2,G,2,4,Yes,Eldin,Explorable,⛰️ Mountain & Highland,,,,,
G3,G,3,1,Yes,Eldin,Explorable,"🌋 Volcanic, ⛰️ Mountain & Highland",Hot,Ore,"Fire Chuchu (Large), Fire Chuchu (Medium), Fire Chuchu (Small), Fire Keese, Fire-breath Lizalfos, Igneo Talus, Meteo Wizzrobe, Fire Wizzrobe, Igneo Pebblit",,
G3,G,3,2,Yes,Eldin,Explorable,"🌋 Volcanic, ⛰️ Mountain & Highland",Hot,Ore,"Fire Chuchu (Large), Fire Chuchu (Medium), Fire Chuchu (Small), Fire Keese, Fire-breath Lizalfos, Igneo Talus, Meteo Wizzrobe, Fire Wizzrobe, Igneo Pebblit",,
G3,G,3,3,No,Eldin,Explorable,"🌋 Volcanic, ⛰️ Mountain & Highland",Hot,Ore,"Fire Chuchu (Large), Fire Chuchu (Medium), Fire Chuchu (Small), Fire Keese, Fire-breath Lizalfos, Igneo Talus, Meteo Wizzrobe, Fire Wizzrobe, Igneo Pebblit",,
G3,G,3,4,No,Eldin,Explorable,"🌋 Volcanic, ⛰️ Mountain & Highland",Hot,Ore,"Fire Chuchu (Large), Fire Chuchu (Medium), Fire Chuchu (Small), Fire Keese, Fire-breath Lizalfos, Igneo Talus, Meteo Wizzrobe, Fire Wizzrobe, Igneo Pebblit",,
G4,G,4,1,No,Eldin,Explorable,"🌋 Volcanic, ⛰️ Mountain & Highland",Hot,Ore,"Fire Chuchu (Large), Fire Chuchu (Medium), Fire Chuchu (Small), Fire Keese, Fire-breath Lizalfos, Igneo Talus, Meteo Wizzrobe, Fire Wizzrobe, Igneo Pebblit",,
G4,G,4,2,No,Eldin,Explorable,"🌋 Volcanic, ⛰️ Mountain & Highland",Hot,Ore,"Fire Chuchu (Large), Fire Chuchu (Medium), Fire Chuchu (Small), Fire Keese, Fire-breath Lizalfos, Igneo Talus, Meteo Wizzrobe, Fire Wizzrobe, Igneo Pebblit",,
G4,G,4,3,No,Eldin,Explorable,"🌋 Volcanic, ⛰️ Mountain & Highland",Hot,Ore,"Fire Chuchu (Large), Fire Chuchu (Medium), Fire Chuchu (Small), Fire Keese, Fire-breath Lizalfos, Igneo Talus, Meteo Wizzrobe, Fire Wizzrobe, Igneo Pebblit",,
G4,G,4,4,No,Eldin,Explorable,"🌋 Volcanic, ⛰️ Mountain & Highland",Hot,Ore,"Fire Chuchu (Large), Fire Chuchu (Medium), Fire Chuchu (Small), Fire Keese, Fire-breath Lizalfos, Igneo Talus, Meteo Wizzrobe, Fire Wizzrobe, Igneo Pebblit",,
G5,G,5,1,No,Eldin,Explorable,"🌋 Volcanic, ⛰️ Mountain & Highland",Hot,Ore,"Fire Chuchu (Large), Fire Chuchu (Medium), Fire Chuchu (Small), Fire Keese, Fire-breath Lizalfos, Igneo Talus, Meteo Wizzrobe, Fire Wizzrobe, Igneo Pebblit",,
G5,G,5,2,No,Eldin,Explorable,⛰️ Mountain & Highland,,Ore,,,Hot Spring
G5,G,5,3,No,Eldin,Explorable,⛰️ Mountain & Highland,,Ore,,,
G5,G,5,4,No,Eldin,Explorable,⛰️ Mountain & Highland,,Ore,,,Hot Spring
G6,G,6,1,No,Eldin,Explorable,⛰️ Mountain & Highland,,,,,
G6,G,6,2,No,Eldin,Explorable,⛰️ Mountain & Highland,,,,,
G6,G,6,3,Yes,Lanayru,Explorable,🌊 Water & Wetlands,,,,,
G6,G,6,4,Yes,Lanayru,Explorable,🌊 Water & Wetlands,,,,,
G7,G,7,1,Yes,Lanayru,Explorable,🌊 Water & Wetlands,,,"Lizalfos, Black Lizalfos, Blue Lizalfos, Golden Lizalfos, Silver Lizalfos",,
G7,G,7,2,Yes,Lanayru,Explorable,🌊 Water & Wetlands,,,"Lizalfos, Black Lizalfos, Blue Lizalfos, Golden Lizalfos, Silver Lizalfos",,
G7,G,7,3,Yes,Lanayru,Explorable,🌊 Water & Wetlands,,,"Lizalfos, Black Lizalfos, Blue Lizalfos, Golden Lizalfos, Silver Lizalfos",,
G7,G,7,4,Yes,Lanayru,Explorable,"🌊 Water & Wetlands, ⛰️ Mountain & Highland",,,"Lizalfos, Black Lizalfos, Blue Lizalfos, Golden Lizalfos, Silver Lizalfos",,
G8,G,8,1,No,Lanayru,Explorable,"⛰️ Mountain & Highland, 🌊 Water & Wetlands",,,,,
G8,G,8,2,No,Lanayru,Explorable,"⛰️ Mountain & Highland, 🌊 Water & Wetlands, 🌲 Forest & Woodland",,,,,
G8,G,8,3,No,Lanayru,Explorable,"⛰️ Mountain & Highland, 🌊 Water & Wetlands",,,,,
G8,G,8,4,No,Lanayru,Explorable,"⛰️ Mountain & Highland, 🌊 Water & Wetlands",,,,,
G9,G,9,1,No,Lanayru,Explorable,"⛰️ Mountain & Highland, 🌲 Forest & Woodland",,"Ore, Mushroom","Like Like, Horriblin, Stone Talus, Rare Talus, Stone Pebblit, Evermean, Forest Octorok",,
G9,G,9,2,No,Lanayru,Explorable,"🌲 Forest & Woodland, 🌊 Water & Wetlands",,"Plant, Mushroom, Fish, Creature","Evermean, Forest Octorok, Water Octorok",,
G9,G,9,3,No,Faron,Explorable,⛰️ Mountain & Highland,,Ore,"Like Like, Horriblin, Stone Talus, Rare Talus, Stone Pebblit",,
G9,G,9,4,No,Faron,Explorable,"🌲 Forest & Woodland, 🌊 Water & Wetlands",,"Plant, Mushroom, Fish, Creature","Evermean, Forest Octorok, Water Octorok",,Hot Spring
G10,G,10,1,No,Faron,Explorable,🌲 Forest & Woodland,,"Plant, Mushroom, Fruit","Evermean, Forest Octorok",,
G10,G,10,2,No,Faron,Explorable,⛰️ Mountain & Highland,,Ore,"Like Like, Horriblin, Stone Talus, Rare Talus, Stone Pebblit",,
G10,G,10,3,No,Faron,Explorable,"🌊 Water & Wetlands, 🌲 Forest & Woodland",Thunder,"Fish, Fruit, Mushroom, Creature, Plant","Electric Chuchu (Large), Electric Chuchu (Medium), Electric Chuchu (Small), Frox, Electric Keese, Electric Lizalfos, Lizalfos, Electric Wizzrobe, Thunder Wizzrobe, Water Octorok, Evermean, Forest Octorok",,
G10,G,10,4,No,Faron,Explorable,"🌊 Water & Wetlands, 🌲 Forest & Woodland",Thunder,"Fish, Fruit, Mushroom, Creature, Plant","Electric Chuchu (Large), Electric Chuchu (Medium), Electric Chuchu (Small), Frox, Electric Keese, Electric Lizalfos, Lizalfos, Electric Wizzrobe, Thunder Wizzrobe, Water Octorok, Evermean, Forest Octorok",,
G11,G,11,1,No,Faron,Explorable,"🌊 Water & Wetlands, 🌲 Forest & Woodland",Thunder,"Fish, Fruit, Mushroom, Creature, Plant","Electric Chuchu (Large), Electric Chuchu (Medium), Electric Chuchu (Small), Frox, Electric Keese, Electric Lizalfos, Lizalfos, Electric Wizzrobe, Thunder Wizzrobe, Water Octorok, Evermean, Forest Octorok",,
G11,G,11,2,No,Faron,Explorable,"🌊 Water & Wetlands, 🌲 Forest & Woodland",Thunder,"Fish, Fruit, Mushroom, Creature, Plant","Electric Chuchu (Large), Electric Chuchu (Medium), Electric Chuchu (Small), Frox, Electric Keese, Electric Lizalfos, Lizalfos, Electric Wizzrobe, Thunder Wizzrobe, Water Octorok, Evermean, Forest Octorok",,
G11,G,11,3,Yes,Faron,Explorable,🏖️ Coastal & Sea Edge,,Fish,"Lizalfos, Water Octorok, Frox, Blue Bokoblin, Gloom Hands",,
G11,G,11,4,Yes,Faron,Explorable,🏖️ Coastal & Sea Edge,,Fish,"Lizalfos, Water Octorok, Frox, Silver Bokoblin, Gloom Hands",,
G12,G,12,1,No,Faron,Inaccessible,,,,,,
G12,G,12,2,No,Faron,Inaccessible,,,,,,
G12,G,12,3,No,Faron,Inaccessible,,,,,,
G12,G,12,4,No,Faron,Inaccessible,,,,,,
H1,H,1,1,No,Eldin,Inaccessible,,,,,,
H1,H,1,2,No,Eldin,Inaccessible,,,,,,
H1,H,1,3,No,Eldin,Inaccessible,,,,,,
H1,H,1,4,No,Eldin,Inaccessible,,,,,,
H2,H,2,1,Yes,Eldin,Inaccessible,,,,,,
H2,H,2,2,Yes,Eldin,Inaccessible,,,,,,
H2,H,2,3,Yes,Eldin,Explorable,⛰️ Mountain & Highland,,Ore,"Gloom Hands, Rare Talus, Stone Talus, Stone Pebblit, Rock Octorok",,Hot Spring
H2,H,2,4,Yes,Eldin,Explorable,"⛰️ Mountain & Highland, 🌊 Water & Wetlands",,"Ore, Fish","Gloom Hands, Rare Talus, Stone Talus, Stone Pebblit, Rock Octorok",,
H3,H,3,1,Yes,Eldin,Explorable,"🌋 Volcanic, ⛰️ Mountain & Highland",Hot,Ore,"Fire Chuchu (Large), Fire Chuchu (Small), Fire Chuchu (Medium), Fire Keese, Igneo Pebblit, Igneo Talus, Meteo Wizzrobe, Fire Wizzrobe, Gloom Hands",,
H3,H,3,2,Yes,Eldin,Explorable,"⛰️ Mountain & Highland, 🌲 Forest & Woodland",,"Ore, Plant, Mushroom","Gloom Hands, Rare Talus, Stone Talus, Stone Pebblit, Rock Octorok, Forest Octorok, Evermean",,
H3,H,3,3,No,Eldin,Explorable,"🌋 Volcanic, ⛰️ Mountain & Highland",Hot,Ore,"Fire Chuchu (Large), Fire Chuchu (Small), Fire Chuchu (Medium), Fire Keese, Igneo Pebblit, Igneo Talus, Meteo Wizzrobe, Fire Wizzrobe",,
H3,H,3,4,No,Eldin,Explorable,⛰️ Mountain & Highland,,Ore,"Like Like, Horriblin, Stone Talus, Rare Talus, Stone Pebblit",,
H4,H,4,1,No,Eldin,Explorable,"🌋 Volcanic, ⛰️ Mountain & Highland",Hot,Ore,"Fire Chuchu (Large), Fire Chuchu (Small), Fire Chuchu (Medium), Fire Keese, Igneo Pebblit, Igneo Talus, Meteo Wizzrobe, Fire Wizzrobe",,
H4,H,4,2,No,Eldin,Explorable,🌲 Forest & Woodland,,"Mushroom, Plant","Evermean, Forest Octorok",,
H4,H,4,3,No,Eldin,Explorable,⛰️ Mountain & Highland,,Ore,"Like Like, Horriblin, Stone Talus, Rare Talus, Stone Pebblit",,Hot Spring
H4,H,4,4,No,Eldin,Explorable,⛰️ Mountain & Highland,,Ore,"Like Like, Horriblin, Stone Talus, Rare Talus, Stone Pebblit",,
H5,H,5,1,No,Eldin,Explorable,"🌊 Water & Wetlands, ⛰️ Mountain & Highland",,"Fish, Ore","Chuchu (Large), Chuchu (Medium), Chuchu (Small), Lizalfos, Water Octorok, Luminous Talus, Stone Talus, Stone Pebblit",,Hot Spring
H5,H,5,2,No,Eldin,Explorable,⛰️ Mountain & Highland,,Ore,"Like Like, Horriblin, Stone Talus, Rare Talus, Stone Pebblit",,
H5,H,5,3,No,Eldin,Explorable,🌊 Water & Wetlands,,Fish,"Chuchu (Large), Chuchu (Medium), Chuchu (Small), Lizalfos, Water Octorok, Luminous Talus, Stone Talus, Stone Pebblit",,
H5,H,5,4,No,Eldin,Explorable,⛰️ Mountain & Highland,,Ore,"Like Like, Horriblin, Stone Talus, Rare Talus, Stone Pebblit",,
H6,H,6,1,No,Lanayru,Explorable,⛰️ Mountain & Highland,,Ore,"Keese, Like Like, Rock Octorok, Rare Talus, Stone Talus, Luminous Talus",,
H6,H,6,2,Yes,Lanayru,Explorable,🌊 Water & Wetlands,,Fish,"Chuchu (Large), Chuchu (Medium), Chuchu (Small), Lizalfos, Water Octorok, Luminous Talus, Black Lizalfos, Blue Lizalfos, Silver Lizalfos, Gloom Hands",,
H6,H,6,3,No,Lanayru,Explorable,"🌊 Water & Wetlands, ⛰️ Mountain & Highland",,"Fish, Ore","Chuchu (Large), Chuchu (Medium), Chuchu (Small), Lizalfos, Water Octorok, Luminous Talus, Stone Talus, Stone Pebblit",,
H6,H,6,4,No,Lanayru,Explorable,🌊 Water & Wetlands,,Fish,"Chuchu (Large), Chuchu (Medium), Chuchu (Small), Lizalfos, Water Octorok, Luminous Talus, Black Lizalfos, Blue Lizalfos, Silver Lizalfos",,
H7,H,7,1,No,Lanayru,Explorable,🌊 Water & Wetlands,,Fish,"Chuchu (Large), Chuchu (Medium), Chuchu (Small), Lizalfos, Water Octorok, Luminous Talus, Black Lizalfos, Blue Lizalfos, Silver Lizalfos",,
H7,H,7,2,No,Lanayru,Explorable,🌊 Water & Wetlands,,Fish,"Chuchu (Large), Chuchu (Medium), Chuchu (Small), Lizalfos, Water Octorok, Luminous Talus, Black Lizalfos, Blue Lizalfos, Silver Lizalfos",,
H7,H,7,3,No,Lanayru,Explorable,🌲 Forest & Woodland,,"Mushroom, Plant","Evermean, Forest Octorok",,
H7,H,7,4,No,Lanayru,Explorable,🌊 Water & Wetlands,,Fish,"Chuchu (Large), Chuchu (Medium), Chuchu (Small), Lizalfos, Water Octorok, Luminous Talus, Black Lizalfos, Blue Lizalfos, Silver Lizalfos",,
H8,H,8,1,No,Lanayru,Explorable,🌊 Water & Wetlands,,Fish,"Chuchu (Large), Chuchu (Medium), Chuchu (Small), Lizalfos, Water Octorok, Luminous Talus, Black Lizalfos, Blue Lizalfos, Silver Lizalfos",,
H8,H,8,2,No,Lanayru,Explorable,🌲 Forest & Woodland,,"Mushroom, Plant","Evermean, Forest Octorok",,
H8,H,8,3,No,Lanayru,Explorable,"🌊 Water & Wetlands, ⛰️ Mountain & Highland",,"Fish, Ore","Chuchu (Large), Chuchu (Medium), Chuchu (Small), Lizalfos, Water Octorok, Luminous Talus, Stone Talus, Stone Pebblit",,
H8,H,8,4,No,Lanayru,Explorable,"🌲 Forest & Woodland, ❄️ Snow & Ice Biomes",Cold,"Plant, Mushroom","Ice Keese, Ice-breath Lizalfos, Stalizalfos, Ice Chuchu (Large), Ice Chuchu (Medium), Ice Chuchu (Small), Water Octorok, Stalkoblin, Blizzard Wizzrobe",,
H9,H,9,1,No,Faron,Explorable,"⛰️ Mountain & Highland, 🌿 Grasslands & Plains",,"Ore, Plant, Vegetable","Like Like, Lizalfos, Silver Lizalfos, Blue Lizalfos, Black Lizalfos, Rock Octorok, Water Octorok, Stone Pebblit, Stone Talus",,
H9,H,9,2,No,Lanayru,Explorable,"🌊 Water & Wetlands, 🌲 Forest & Woodland",,"Fish, Mushroom, Plant","Evermean, Keese, Lizalfos, Forest Octorok, Black Lizalfos, Blue Lizalfos, Silver Lizalfos",,
H9,H,9,3,No,Faron,Explorable,🌲 Forest & Woodland,,"Mushroom, Plant","Evermean, Forest Octorok",,
H9,H,9,4,No,Lanayru,Explorable,"🌊 Water & Wetlands, 🌲 Forest & Woodland",,"Fish, Mushroom, Plant","Evermean, Keese, Lizalfos, Forest Octorok, Black Lizalfos, Blue Lizalfos, Silver Lizalfos",,
H10,H,10,1,No,Faron,Explorable,🌲 Forest & Woodland,,"Mushroom, Plant","Evermean, Forest Octorok",,
H10,H,10,2,No,Faron,Explorable,"⛰️ Mountain & Highland, 🏖️ Coastal & Sea Edge",,"Fish, Ore","Like Like, Lizalfos, Silver Lizalfos, Blue Lizalfos, Black Lizalfos, Rock Octorok, Water Octorok, Stone Pebblit, Stone Talus",,
H10,H,10,3,No,Faron,Explorable,🌿 Grasslands & Plains,,"Mushroom, Plant, Vegetable","Bokoblin, Blue Bokoblin, Black Bokoblin, Silver Bokoblin, Golden Bokoblin, Boss Bokoblin, Keese, Lynel",,
H10,H,10,4,No,Faron,Explorable,"⛰️ Mountain & Highland, 🏖️ Coastal & Sea Edge",,"Fish, Ore","Like Like, Lizalfos, Silver Lizalfos, Blue Lizalfos, Black Lizalfos, Rock Octorok, Water Octorok, Stone Pebblit, Stone Talus",,
H11,H,11,1,No,Faron,Explorable,"⛰️ Mountain & Highland, 🏖️ Coastal & Sea Edge",,"Fish, Ore","Like Like, Lizalfos, Silver Lizalfos, Blue Lizalfos, Black Lizalfos, Rock Octorok, Water Octorok, Stone Pebblit, Stone Talus",,
H11,H,11,2,No,Faron,Explorable,🏖️ Coastal & Sea Edge,,Fish,"Lizalfos, Silver Lizalfos, Blue Lizalfos, Black Lizalfos, Water Octorok, Stone Pebblit",,
H11,H,11,3,No,Faron,Explorable,🏖️ Coastal & Sea Edge,,Fish,"Lizalfos, Silver Lizalfos, Blue Lizalfos, Black Lizalfos, Water Octorok, Stone Pebblit",,
H11,H,11,4,Yes,Faron,Explorable,🏖️ Coastal & Sea Edge,,Fish,"Lizalfos, Silver Lizalfos, Blue Lizalfos, Black Lizalfos, Water Octorok, Stone Pebblit",,
H12,H,12,1,No,Faron,Inaccessible,,,,,,
H12,H,12,2,No,Faron,Inaccessible,,,,,,
H12,H,12,3,No,Faron,Inaccessible,,,,,,
H12,H,12,4,No,Faron,Inaccessible,,,,,,
I1,I,1,1,No,Eldin,Inaccessible,,,,,,
I1,I,1,2,No,Eldin,Inaccessible,,,,,,
I1,I,1,3,No,Eldin,Inaccessible,,,,,,
I1,I,1,4,No,Eldin,Inaccessible,,,,,,
I2,I,2,1,Yes,Eldin,Inaccessible,,,,,,
I2,I,2,2,No,Eldin,Inaccessible,,,,,,
I2,I,2,3,No,Eldin,Inaccessible,,,,,,
I2,I,2,4,Yes,Eldin,Explorable,🏖️ Coastal & Sea Edge,,Fish,"Lizalfos, Silver Lizalfos, Blue Lizalfos, Black Lizalfos, Water Octorok, Stone Pebblit, Gloom Hands",,
I3,I,3,1,No,Eldin,Explorable,🌿 Grasslands & Plains,,"Mushroom, Plant, Vegetable","Bokoblin, Blue Bokoblin, Black Bokoblin, Silver Bokoblin, Golden Bokoblin, Boss Bokoblin, Keese, Lynel",,
I3,I,3,2,Yes,Eldin,Explorable,🌿 Grasslands & Plains,,"Mushroom, Plant, Vegetable","Bokoblin, Blue Bokoblin, Black Bokoblin, Silver Bokoblin, Golden Bokoblin, Boss Bokoblin, Keese, Lynel, Gloom Hands",,
I3,I,3,3,No,Eldin,Explorable,🌿 Grasslands & Plains,,"Mushroom, Plant, Vegetable","Bokoblin, Blue Bokoblin, Black Bokoblin, Silver Bokoblin, Golden Bokoblin, Boss Bokoblin, Keese, Lynel",,
I3,I,3,4,Yes,Eldin,Explorable,🌿 Grasslands & Plains,,"Mushroom, Plant, Vegetable","Bokoblin, Blue Bokoblin, Black Bokoblin, Silver Bokoblin, Golden Bokoblin, Boss Bokoblin, Keese, Lynel, Gloom Hands",,
I4,I,4,1,No,Eldin,Explorable,🌿 Grasslands & Plains,,"Mushroom, Plant, Vegetable","Bokoblin, Blue Bokoblin, Black Bokoblin, Silver Bokoblin, Golden Bokoblin, Boss Bokoblin, Keese, Lynel",,
I4,I,4,2,Yes,Eldin,Explorable,🏖️ Coastal & Sea Edge,,Fish,"Lizalfos, Silver Lizalfos, Blue Lizalfos, Black Lizalfos, Water Octorok, Stone Pebblit, Gloom Hands",,
I4,I,4,3,No,Eldin,Explorable,"🌲 Forest & Woodland, 🌊 Water & Wetlands",,"Fish, Mushroom, Plant","Evermean, Keese, Lizalfos, Forest Octorok, Black Lizalfos, Blue Lizalfos, Silver Lizalfos",,
I4,I,4,4,Yes,Eldin,Explorable,🏖️ Coastal & Sea Edge,,Fish,"Lizalfos, Silver Lizalfos, Blue Lizalfos, Black Lizalfos, Water Octorok, Stone Pebblit, Gloom Hands",,
I5,I,5,1,No,Eldin,Explorable,🌊 Water & Wetlands,,"Creature, Fish","Stalizalfos, Stone Pebblit","tarrey town and old great fairy spring (i would say just upped chances of fairies, using this column so we can potentially mark it as special not boss)",
I5,I,5,2,No,Eldin,Explorable,🏖️ Coastal & Sea Edge,,"Fish, Meat","Forest Octorok, Stalmoblin, Chuchu (Large)",,
I5,I,5,3,No,Eldin,Explorable,🌊 Water & Wetlands,,"Fish, Plant","Blue Bokoblin, Stalizalfos, Black Bokoblin, White-maned Lynel",,
I5,I,5,4,No,Eldin,Explorable,🏖️ Coastal & Sea Edge,,"Fish, Plant","Stalizalfos, Stone Pebblit, Blue Lizalfos, Meteo Wizzrobe",,
I6,I,6,1,No,Lanayru,Explorable,"⛰️ Mountain & Highland, 🌊 Water & Wetlands",,Fish,"Lynel, Black Bokoblin, Blue Bokoblin, Black Moblin, Blue Lizalfos",,
I6,I,6,2,No,Lanayru,Explorable,🏖️ Coastal & Sea Edge,,"Fish, Creature","Water Octorok, Stalkoblin, Lizalfos",,
I6,I,6,3,No,Lanayru,Explorable,🌊 Water & Wetlands,,Fish,"Black Bokoblin, Black Moblin, Black Lizalfos, Blue Lizalfos, Lizalfos",,
I6,I,6,4,No,Lanayru,Explorable,🏖️ Coastal & Sea Edge,,Fish,Water Octorok,,
I7,I,7,1,No,Lanayru,Explorable,"🌿 Grasslands & Plains, ⛰️ Mountain & Highland",,Plant,"Blue Hinox, Stone Talus, Blue Lizalfos, Lizalfos, Keese",,
I7,I,7,2,No,Lanayru,Explorable,"🌊 Water & Wetlands, 🌿 Grasslands & Plains",,"Fish, Meat","Chuchu (Large), Blue Lizalfos, Stone Pebblit, Water Octorok, Black Bokoblin, Blue Hinox, Blue Moblin",,
I7,I,7,3,No,Lanayru,Explorable,🌊 Water & Wetlands,,Fish,"Water Octorok, Blue Lizalfos",,
I7,I,7,4,No,Lanayru,Explorable,"🌿 Grasslands & Plains, 🏖️ Coastal & Sea Edge",,"Fish, Creature","Blue-Maned Lynel, Stalizalfos, Blue Lizalfos, Black Lizalfos, Lizalfos",,
I8,I,8,1,No,Lanayru,Explorable,"⛰️ Mountain & Highland, ❄️ Snow & Ice Biomes",Cold,"Mushroom, Creature","Stalizalfos, Blue Lizalfos, Ice-breath Lizalfos, Black Moblin, Gloom Hands, Ice Chuchu (Large), Ice Chuchu (Medium), Ice Chuchu (Small), Ice Keese",,
I8,I,8,2,No,Lanayru,Explorable,"⛰️ Mountain & Highland, ❄️ Snow & Ice Biomes, 🏖️ Coastal & Sea Edge",Cold,Fish,"Stalizalfos, Blue Lizalfos, Black Moblin, Ice Chuchu (Large), Black Bokoblin, Ice Chuchu (Medium), Ice Chuchu (Small), Ice Keese, Ice-breath Lizalfos, Luminous Talus, Blue-Maned Lynel",,
I8,I,8,3,No,Lanayru,Explorable,"⛰️ Mountain & Highland, ❄️ Snow & Ice Biomes",Cold,"Mushroom, Creature","Ice Chuchu (Large), Ice Chuchu (Medium), Ice Chuchu (Small), Ice Keese, Ice-breath Lizalfos, Gloom Hands",spring of wisdom (pending this is just here if we want to do something special like maybe a trial),
I8,I,8,4,No,Lanayru,Explorable,"⛰️ Mountain & Highland, ❄️ Snow & Ice Biomes",Cold,"Fish, Meat","Ice-breath Lizalfos, Blue Lizalfos",,
I9,I,9,1,No,Lanayru,Explorable,"⛰️ Mountain & Highland, ❄️ Snow & Ice Biomes",Cold,"Fish, Mushroom, Creature","Evermean, Water Octorok, Blue Bokoblin, Bokoblin, Stalkoblin",,
I9,I,9,2,No,Lanayru,Explorable,"⛰️ Mountain & Highland, ❄️ Snow & Ice Biomes, 🏖️ Coastal & Sea Edge",Cold,"Ore, Fish","Ice Keese, Ice-breath Lizalfos, Stalizalfos, Ice Chuchu (Large), Ice Chuchu (Medium), Ice Chuchu (Small), Water Octorok, Stalkoblin, Blizzard Wizzrobe",,
I9,I,9,3,No,Lanayru,Explorable,🏖️ Coastal & Sea Edge,,Fish,"Stalizalfos, Stalkoblin, Stalmoblin, Blue Moblin, Blue Bokoblin, Blue Lizalfos, Electric Wizzrobe","hateno and ancient lab (some kinda blight monster that uses guardian remains possibly, like a gloom hands that got really into lasers lmao",
I9,I,9,4,Yes,Lanayru,Explorable,🏖️ Coastal & Sea Edge,,"Ore, Fish","Blue Lizalfos, Water Octorok, Luminous Talus",,
I10,I,10,1,Yes,Faron,Explorable,🏖️ Coastal & Sea Edge,,Fish,"Stalizalfos, Stalkoblin, Stalmoblin, Blue Bokoblin",,
I10,I,10,2,Yes,Faron,Explorable,🏖️ Coastal & Sea Edge,,"Fish, Ore","Blue Lizalfos, Water Octorok, Stone Talus",,
I10,I,10,3,No,Faron,Explorable,🏖️ Coastal & Sea Edge,,Fish,Silver Lynel,,
I10,I,10,4,No,Faron,Inaccessible,,,,,,
I11,I,11,1,Yes,Faron,Explorable,🏖️ Coastal & Sea Edge,,Fish,"Boss Bokoblin, Blue Bokoblin, Blue Lizalfos, Water Octorok",,
I11,I,11,2,No,Faron,Explorable,🏖️ Coastal & Sea Edge,,"Fish, Fruit, Meat","Blue Hinox, Forest Octorok, Water Octorok, Rock Octorok, Black Bokoblin, Blue Bokoblin, Chuchu (Large), Chuchu (Medium), Chuchu (Small)","Eventide make cool, maybe something like gohdan (tower of the gods) but more zonai flavored",
I11,I,11,3,Yes,Faron,Inaccessible,,,,,,
I11,I,11,4,No,Faron,Explorable,🏖️ Coastal & Sea Edge,,"Fish, Fruit, Meat","Blue Hinox, Forest Octorok, Water Octorok, Rock Octorok, Black Bokoblin, Blue Bokoblin, Chuchu (Large), Chuchu (Medium), Chuchu (Small)",,
I12,I,12,1,No,Faron,Inaccessible,,,,,,
I12,I,12,2,No,Faron,Inaccessible,,,,,,
I12,I,12,3,No,Faron,Inaccessible,,,,,,
I12,I,12,4,No,Faron,Inaccessible,,,,,,
J1,J,1,1,No,Eldin,Inaccessible,,,,,,
J1,J,1,2,No,Eldin,Inaccessible,,,,,,
J1,J,1,3,No,Eldin,Inaccessible,,,,,,
J1,J,1,4,No,Eldin,Inaccessible,,,,,,
J2,J,2,1,No,Eldin,Inaccessible,,,,,,
J2,J,2,2,No,Eldin,Inaccessible,,,,,,
J2,J,2,3,No,Eldin,Inaccessible,,,,,,
J2,J,2,4,No,Eldin,Inaccessible,,,,,,
J3,J,3,1,Yes,Eldin,Inaccessible,,,,,,
J3,J,3,2,No,Eldin,Inaccessible,,,,,,
J3,J,3,3,Yes,Eldin,Inaccessible,,,,,,
J3,J,3,4,No,Eldin,Inaccessible,,,,,,
J4,J,4,1,Yes,Eldin,Inaccessible,,,,,,
J4,J,4,2,No,Eldin,Inaccessible,,,,,,
J4,J,4,3,No,Eldin,Inaccessible,,,,,,
J4,J,4,4,No,Eldin,Inaccessible,,,,,,
J5,J,5,1,No,Eldin,Inaccessible,,,,,,
J5,J,5,2,No,Eldin,Inaccessible,,,,,,
J5,J,5,3,No,Eldin,Inaccessible,,,,,,
J5,J,5,4,No,Eldin,Inaccessible,,,,,,
J6,J,6,1,No,Lanayru,Inaccessible,,,,,,
J6,J,6,2,No,Lanayru,Inaccessible,,,,,,
J6,J,6,3,No,Lanayru,Inaccessible,,,,,,
J6,J,6,4,No,Lanayru,Inaccessible,,,,,,
J7,J,7,1,No,Lanayru,Inaccessible,,,,,,
J7,J,7,2,No,Lanayru,Inaccessible,,,,,,
J7,J,7,3,No,Lanayru,Inaccessible,,,,,,
J7,J,7,4,No,Lanayru,Inaccessible,,,,,,
J8,J,8,1,No,Lanayru,Inaccessible,,,,,,
J8,J,8,2,No,Lanayru,Inaccessible,,,,,,
J8,J,8,3,No,Lanayru,Inaccessible,,,,,,
J8,J,8,4,No,Lanayru,Inaccessible,,,,,,
J9,J,9,1,No,Lanayru,Inaccessible,,,,,,
J9,J,9,2,No,Lanayru,Inaccessible,,,,,,
J9,J,9,3,Yes,Lanayru,Inaccessible,,,,,,
J9,J,9,4,No,Lanayru,Inaccessible,,,,,,
J10,J,10,1,Yes,Faron,Inaccessible,,,,,,
J10,J,10,2,No,Faron,Inaccessible,,,,,,
J10,J,10,3,No,Faron,Inaccessible,,,,,,
J10,J,10,4,No,Faron,Inaccessible,,,,,,
J11,J,11,1,No,Faron,Inaccessible,,,,,,
J11,J,11,2,No,Faron,Inaccessible,,,,,,
J11,J,11,3,No,Faron,Inaccessible,,,,,,
J11,J,11,4,No,Faron,Inaccessible,,,,,,
J12,J,12,1,No,Faron,Inaccessible,,,,,,
J12,J,12,2,No,Faron,Inaccessible,,,,,,
J12,J,12,3,No,Faron,Inaccessible,,,,,,
J12,J,12,4,No,Faron,Inaccessible,,,,,,